{
  "average": {
    "cpu": {
      "average": {
        "usage": 6.464798927307129,
        "model": "AMD Ryzen 9 5900X 12-Core Processor"
      },
      "individualUsage": [
        10.276243209838867,
        58.60927200317383,
        39.69129180908203,
        27.59381866455078,
        13.79690933227539,
        0,
        0,
        0,
        5.187637805938721,
        0,
        0,
        0,
        0,
        0,
        0,
        0,
        0,
        0,
        0,
        0,
        0,
        0,
        0,
        0
      ]
    },
    "memory": {
      "average": {
        "usage": 19.393056869506836,
        "bytes_total": 68641202176,
        "bytes": 13311627264
      }
    },
    "power": {
      "average": {
        "watts": 370.94000244140625
      }
    },
    "gpu": {
      "average": {
        "memory": {
          "usage": 34.34244918823242,
          "bytes_total": 25769803776,
          "bytes": 8849981440
        },
        "power": {
          "usage": 92.73500061035156,
          "watts": 370.94000244140625,
          "watts_limit": 400
        },
        "core": {
          "usage": 100
        },
        "name": "NVIDIA GeForce RTX 3090",
        "bus": {
          "type": "pcie",
          "tx_bytes": 74000000,
          "rx_bytes": 176000000,
          "generation": 4,
          "width": 16
        },
        "fan_speed": 59,
        "temperature": 55
      }
    },
    "hostname": "DESKTOP-049G7P1",
    "os": "Windows 10 Pro"
  },
  "individual": [
    {
      "cpu": {
        "average": {
          "usage": 6.464798927307129,
          "model": "AMD Ryzen 9 5900X 12-Core Processor"
        },
        "individualUsage": [
          10.276243209838867,
          58.60927200317383,
          39.69129180908203,
          27.59381866455078,
          13.79690933227539,
          0,
          0,
          0,
          5.187637805938721,
          0,
          0,
          0,
          0,
          0,
          0,
          0,
          0,
          0,
          0,
          0,
          0,
          0,
          0,
          0
        ]
      },
      "memory": {
        "average": {
          "usage": 19.393056869506836,
          "bytes_total": 68641202176,
          "bytes": 13311627264
        },
        "individual": [
          {
            "usage": 19.393056869506836,
            "bytes_total": 68641202176,
            "bytes": 13311627264
          }
        ]
      },
      "power": {
        "average": {
          "watts": 370.94000244140625
        }
      },
      "gpu": {
        "average": {
          "memory": {
            "usage": 34.34244918823242,
            "bytes_total": 25769803776,
            "bytes": 8849981440
          },
          "power": {
            "usage": 92.73500061035156,
            "watts": 370.94000244140625,
            "watts_limit": 400
          },
          "core": {
            "usage": 100
          },
          "name": "NVIDIA GeForce RTX 3090",
          "bus": {
            "type": "pcie",
            "tx_bytes": 74000000,
            "rx_bytes": 176000000,
            "generation": 4,
            "width": 16
          },
          "fan_speed": 59,
          "temperature": 55
        },
        "individual": [
          {
            "memory": {
              "usage": 34.34244918823242,
              "bytes_total": 25769803776,
              "bytes": 8849981440
            },
            "power": {
              "usage": 92.73500061035156,
              "watts": 370.94000244140625,
              "watts_limit": 400
            },
            "core": {
              "usage": 100
            },
            "name": "NVIDIA GeForce RTX 3090",
            "bus": {
              "type": "pcie",
              "tx_bytes": 74000000,
              "rx_bytes": 176000000,
              "generation": 4,
              "width": 16
            },
            "fan_speed": 59,
            "temperature": 55
          }
        ]
      },
      "hostname": "DESKTOP-049G7P1",
      "os": "Windows 10 Pro"
    }
  ],
  "type": "info"
}